0,Appartement F4 de 60m² en vente Jnane Sid,Sidi Allal El Bahraoui,localisation stratégique du programme entre les 2 casernes des forces auxiliaires et à 900 mètres de la grande artère de la villeà moins de 30 minutes du centre-ville de rabat et à proximité du réseauEn savoir plus,220000 DH
1,Appartement F3 de 50m² en vente Jnane Sid,Sidi Allal El Bahraoui,localisation stratégique du programme entre les 2 casernes des forces auxiliaires et à 900 mètres de la grande artère de la villeà moins de 30 minutes du centre-ville de rabat et à proximité du réseauEn savoir plus,200000 DH
2,Appartement F4 de 60m² en vente Jnane Sid,Sidi Allal El Bahraoui,localisation stratégique du programme entre les 2 casernes des forces auxiliaires et à 900 mètres de la grande artère de la villeà moins de 30 minutes du centre-ville de rabat et à proximité du réseauEn savoir plus,220000 DH
3,Appartement de 175m² en vente complexe As,Castilla à Tanger,assalam tanger situé à proximité de la place jamia al arabia sur avenue moulay ismail le complexe assalam se compose de deux immeubles séparés par l’avenue tarik ibn ziad. il comporte deux centresEn savoir plus,1732500 DH
4,Appartement de 166m² en vente complexe As,Castilla à Tanger,assalam tanger situé à proximité de la place jamia al arabia sur avenue moulay ismail le complexe assalam se compose de deux immeubles séparés par l’avenue tarik ibn ziad. il comporte deux centresEn savoir plus,1826000 DH
5,Appartement de 147m² en vente complexe As,Castilla à Tanger,assalam tanger situé à proximité de la place jamia al arabia sur avenue moulay ismail le complexe assalam se compose de deux immeubles séparés par l’avenue tarik ibn ziad. il comporte deux centresEn savoir plus,1455300 DH
6,Appartement de 149m² en vente complexe As,Castilla à Tanger,assalam tanger situé à proximité de la place jamia al arabia sur avenue moulay ismail le complexe assalam se compose de deux immeubles séparés par l’avenue tarik ibn ziad. il comporte deux centresEn savoir plus,1490000 DH
7,Appartement de 162m² en vente complexe As,Castilla à Tanger,assalam tanger situé à proximité de la place jamia al arabia sur avenue moulay ismail le complexe assalam se compose de deux immeubles séparés par l’avenue tarik ibn ziad. il comporte deux centresEn savoir plus,1782000 DH
8,Appartement moderne au dernier ETG sans v,Racine à Casablanca,racineune très belle opportunité à saisir sur racine à la vente un appartement haut standing refait à neuf par un architecte avec des matériaux de haute qualité d'une superficie de 140 m2 habitable sans visEn savoir plus,2900000 DH
9,Top studio avec terrasse à la vente,Gauthier à Casablanca,gauthiersuperbe studio de 57m2 avec terrasse est à la vente il se compose d'une chambre un hall d'entrée un salon avec terrasse une cuisine américaine et une salle de bain.sans place de garage,1200000 DH
10,Duplex à vendre en plein centre. Superfic,Centre à Tanger,appartement idéal à la vente. 2 chambres 3 salles de bains 91 m². 3 pièces. nouveau.cet appartement est en vente à tanger. air conditionné. cuisine entièrement équipée.programmez dès maintenant votreEn savoir plus,Prix à consulter
11,Bel appartement à vendre à Tanger. Surfac,Centre à Tanger,affaire à saisir pour cet appartement à vendre. 3 chambres à coucher 3 salles de bains 95 m². 4 pièces lumineuses. nouveau.cet appartement est proposé à la vente en plein centre. climatisation. cuisine bienEn savoir plus,Prix à consulter
12,Appartement à vendre. Surface totale 112,Centre à Tanger,découvrez cet appartement à vendre. 3 chambres 3 salles de bains 112 m². 4 pièces. nouveau.cet appartement est en vente en centre. profitez d'une belle terrasse. dispose également d'un ascenseur. confort etEn savoir plus,Prix à consulter
13,Superbe appartement à vendre en plein cen,Centre à Tanger,faites une belle affaire en achetant cet appartement. 4 pièces 2 salles de bains superficie 118 m². 3 chambres à coucher. nouveau.venez découvrir cet appartement à vendre à iberie. résidence équipée d'unEn savoir plus,Prix à consulter
14,Appartement à l'achat à Aouama Gharbia. S,Aouama Gharbia à Tanger,le projet social « résidence nour » est l’un des plus grands projets du groupe arbai.fort de son succès sur la zone de aouama le projet « résidence nour » se trouve également sur la zone deEn savoir plus,Prix à consulter
15,Appartement à l'achat à Aouama Gharbia. 3,Aouama Gharbia à Tanger,agréable appartement à vendre. 3 chambres à coucher 1 salle de bains 72 m². 4 pièces lumineuses. nouveau.venez découvrir cet appartement à vendre à aouama gharbia tanger. ascenseur dans la résidence.En savoir plus,Prix à consulter
16,Appartement à l'achat à Aouama. Superfici,Hanaa 3 - Soussi à Tanger,le projet social « résidence nour » est l’un des plus grands projets du groupe arbai.fort de son succès sur la zone de aouama le projet « résidence nour » se trouve également sur la zone deEn savoir plus,Prix à consulter
17,Bel appartement à vendre 50m²,Hanaa 3 - Soussi à Tanger,le projet social « résidence nour » est l’un des plus grands projets du groupe arbai.fort de son succès sur la zone de aouama le projet « résidence nour » se trouve également sur la zone deEn savoir plus,Prix à consulter
18,Bel appartement à vendre à Aouama. Superf,Aouama Gharbia à Tanger,le projet social « résidence nour » est l’un des plus grands projets du groupe arbai.fort de son succès sur la zone de aouama le projet « résidence nour » se trouve également sur la zone deEn savoir plus,Prix à consulter
19,Studio de 56m² dont 7m² balcon en vente,Les princesses à Casablanca,le projet est érigée en r5 situé dans l’un des quartiers les plus recherchés de la ville de casablanca à savoir maarif sur boulevard yacoub mansour proposant des studios haut standing d’une superficie de 38En savoir plus,1050000 DH
20,Studio de 46m² en vente Serenity square,Les princesses à Casablanca,le projet est érigée en r5 situé dans l’un des quartiers les plus recherchés de la ville de casablanca à savoir maarif sur boulevard yacoub mansour proposant des studios haut standing d’une superficie de 38En savoir plus,966000 DH
21,Studio de 66m² en vente Serenity square,Les princesses à Casablanca,le projet est érigée en r5 situé dans l’un des quartiers les plus recherchés de la ville de casablanca à savoir maarif sur boulevard yacoub mansour proposant des studios haut standing d’une superficie de 38En savoir plus,1190000 DH
22,Studio de 46m² en vente Serenity square,Les princesses à Casablanca,le projet est érigée en r5 situé dans l’un des quartiers les plus recherchés de la ville de casablanca à savoir maarif sur boulevard yacoub mansour proposant des studios haut standing d’une superficie de 38En savoir plus,920000 DH
23,Appartement en vente à Sanaoubar. 4 belle,Sanaoubar à Marrakech,4 chambres 145 m²,1600000 DH
24,Vend appartement à Izdihar. 2 chambres. P,Izdihar à Marrakech,2 chambres 66 m²,740000 DH
25,Vend appartement à Guéliz. Surface de 96,Guéliz à Marrakech,1 chambre 96 m²,1200000 DH
26,Vente d'un bel appartement à Sanaoubar. 2,Sanaoubar à Marrakech,2 chambres 86 m²,760000 DH
27,Superbe appartement à vendre à Route Casa,Route Casablanca à Marrakech,2 chambres 65 m²,640000 DH
28,Appartement a vendre à Bouskoura golf res, à Bouskoura,2 chambres 125 m²,2290000 DH
29,Appartement neuf à vendre à Tanger. Surfa,Centre à Tanger,3 chambres 242 m²,Prix à consulter
30,Appartement à vendre en plein centre. 3 b,Centre à Tanger,3 chambres 114 m²,Prix à consulter
31,Appartement à vendre en plein centre. Sur,Centre à Tanger,3 chambres 155 m²,Prix à consulter
32,Superbe appartement à vendre. Superficie,Aouama Gharbia à Tanger,2 chambres 56 m²,Prix à consulter
33,Appartement de 59m² en vente Résidence Dy,Massira 2 à Temara,a 5min de rabat au cœur de la ville de temara se dresse la nouvelle résidence dyar al bahia dans un style architectural simple et moderne aux lignes épurées ; conçue en immeubles r4 chaque immeuble deEn savoir plus,475178 DH
34,Appartement de 65m² en vente Résidence Dy,Massira 2 à Temara,a 5min de rabat au cœur de la ville de temara se dresse la nouvelle résidence dyar al bahia dans un style architectural simple et moderne aux lignes épurées ; conçue en immeubles r4 chaque immeuble deEn savoir plus,505725 DH
35,Appartement de 68m² en vente Résidence Dy,Massira 2 à Temara,a 5min de rabat au cœur de la ville de temara se dresse la nouvelle résidence dyar al bahia dans un style architectural simple et moderne aux lignes épurées ; conçue en immeubles r4 chaque immeuble deEn savoir plus,522695 DH
36,Appartement de 77m² en vente Résidence Dy,Massira 2 à Temara,a 5min de rabat au cœur de la ville de temara se dresse la nouvelle résidence dyar al bahia dans un style architectural simple et moderne aux lignes épurées ; conçue en immeubles r4 chaque immeuble deEn savoir plus,633266 DH
37,Appartement de 80m² en vente Résidence Dy,Massira 2 à Temara,a 5min de rabat au cœur de la ville de temara se dresse la nouvelle résidence dyar al bahia dans un style architectural simple et moderne aux lignes épurées ; conçue en immeubles r4 chaque immeuble deEn savoir plus,657468 DH
38,Appartement de 73m² en vente Résidence Dy,Massira 2 à Temara,a 5min de rabat au cœur de la ville de temara se dresse la nouvelle résidence dyar al bahia dans un style architectural simple et moderne aux lignes épurées ; conçue en immeubles r4 chaque immeuble deEn savoir plus,608538 DH
39,Appartement de 77m² en vente Résidence Dy,Massira 2 à Temara,a 5min de rabat au cœur de la ville de temara se dresse la nouvelle résidence dyar al bahia dans un style architectural simple et moderne aux lignes épurées ; conçue en immeubles r4 chaque immeuble deEn savoir plus,633266 DH
40,Appartement de 68m² en vente Résidence Dy,Massira 2 à Temara,a 5min de rabat au cœur de la ville de temara se dresse la nouvelle résidence dyar al bahia dans un style architectural simple et moderne aux lignes épurées ; conçue en immeubles r4 chaque immeuble deEn savoir plus,522695 DH
41,Studio de 69 m² dont 11m² de terrasse en,Les princesses à Casablanca,le projet est érigée en r5 situé dans l’un des quartiers les plus recherchés de la ville de casablanca à savoir maarif sur boulevard yacoub mansour proposant des studios haut standing d’une superficie de 38En savoir plus,1250000 DH
42,Studio de 72m² dont 20m² balcon en vente,Les princesses à Casablanca,le projet est érigée en r5 situé dans l’un des quartiers les plus recherchés de la ville de casablanca à savoir maarif sur boulevard yacoub mansour proposant des studios haut standing d’une superficie de 38En savoir plus,1300000 DH
43,Appartement 101m² en vente Rio beach,Sidi Rahal,faites une belle affaire en achetant cet appartement. 3 chambres à coucher 2 salles de bains 101 m².cet appartement est proposé à la vente à sidi rahal. résidence fermer et sécuriser pied dans l'eau avecEn savoir plus,11000 DH
44,Bel appartement 44 m² place du Lycée Lyau,Bourgogne Est à Casablanca,nichée au cœur de la place du célèbre lycée lyautey lyautey residence vous propose des appartements de maître avec pour la plupart des terrasses à vivre surplombant la ville de casablanca.avec une offreEn savoir plus,1395680 DH
45,Bel appartement 62 m² place du Lycée Lyau,Bourgogne Est à Casablanca,nichée au cœur de la place du célèbre lycée lyautey lyautey residence vous propose des appartements de maître avec pour la plupart des terrasses à vivre surplombant la ville de casablanca.avec une offreEn savoir plus,2044340 DH
46,Bel appartement 46 m² place du Lycée Lyau,Bourgogne Est à Casablanca,nichée au cœur de la place du célèbre lycée lyautey lyautey residence vous propose des appartements de maître avec pour la plupart des terrasses à vivre surplombant la ville de casablanca.avec une offreEn savoir plus,1500180 DH
47,Bel appartement 42 m² place du Lycée Lyau,Bourgogne Est à Casablanca,nichée au cœur de la place du célèbre lycée lyautey lyautey residence vous propose des appartements de maître avec pour la plupart des terrasses à vivre surplombant la ville de casablanca.avec une offreEn savoir plus,1375080 DH
48,Bel appartement 43 m² place du Lycée Lyau,Bourgogne Est à Casablanca,nichée au cœur de la place du célèbre lycée lyautey lyautey residence vous propose des appartements de maître avec pour la plupart des terrasses à vivre surplombant la ville de casablanca.avec une offreEn savoir plus,1281080 DH
49,Bel appartement 38 m² place du Lycée Lyau,Bourgogne Est à Casablanca,nichée au cœur de la place du célèbre lycée lyautey lyautey residence vous propose des appartements de maître avec pour la plupart des terrasses à vivre surplombant la ville de casablanca.avec une offreEn savoir plus,1146480 DH
50,Bel appartement 89 m² place du Lycée Lyau,Bourgogne Est à Casablanca,nichée au cœur de la place du célèbre lycée lyautey lyautey residence vous propose des appartements de maître avec pour la plupart des terrasses à vivre surplombant la ville de casablanca.avec une offreEn savoir plus,2757670 DH
51,Bel appartement 85 m² place du Lycée Lyau,Bourgogne Est à Casablanca,nichée au cœur de la place du célèbre lycée lyautey lyautey residence vous propose des appartements de maître avec pour la plupart des terrasses à vivre surplombant la ville de casablanca.avec une offreEn savoir plus,2721460 DH
52,Bel appartement 122 m² place du Lycée Lya,Bourgogne Est à Casablanca,nichée au cœur de la place du célèbre lycée lyautey lyautey residence vous propose des appartements de maître avec pour la plupart des terrasses à vivre surplombant la ville de casablanca.avec une offreEn savoir plus,4402940 DH
53,Bel appartement 129 m² place du Lycée Lya,Bourgogne Est à Casablanca,nichée au cœur de la place du célèbre lycée lyautey lyautey residence vous propose des appartements de maître avec pour la plupart des terrasses à vivre surplombant la ville de casablanca.avec une offreEn savoir plus,3400000 DH
54,Bel appartement 129 m² place du Lycée Lya,Bourgogne Est à Casablanca,nichée au cœur de la place du célèbre lycée lyautey lyautey residence vous propose des appartements de maître avec pour la plupart des terrasses à vivre surplombant la ville de casablanca.avec une offreEn savoir plus,2828100 DH
55,Bel appartement 61 m² place du Lycée Lyau,Bourgogne Est à Casablanca,nichée au cœur de la place du célèbre lycée lyautey lyautey residence vous propose des appartements de maître avec pour la plupart des terrasses à vivre surplombant la ville de casablanca.avec une offreEn savoir plus,1960460 DH
56,Superbe appartement à vendre à Aouama 2 c,Hanaa 3 - Soussi à Tanger,2 chambres 59 m²,Prix à consulter
57,Appartement à l'achat à Aouama. Superfici,Aouama Gharbia à Tanger,3 chambres 68 m²,Prix à consulter
58,Vend appartement à Aouama. Surface de 61,Aouama Gharbia à Tanger,2 chambres 61 m²,Prix à consulter
59,Appartement 1 chambre Gueliz,Guéliz à Marrakech,1 chambre 48 m²,550000 DH
60,Joli appartement à la vente sur 2 mars,Les Hôpitaux à Casablanca,2 chambres 95 m²,1350000 DH
61,Appartement neuf sur les princesses,Les princesses à Casablanca,2 chambres 76 m²,1750000 DH
62,Appartement à l'achat à Oasis. Surface to,Oasis à Casablanca,2 chambres 85 m²,1650000 DH
63,Des appartements haut standing sur Ain se,Aïn Sebaâ à Casablanca,2 chambres 79 m²,908500 DH
64,Appartement familale épicurien centre vil,Marchan à Tanger,4 chambres 175 m²,3000000 DH
65,Appartement dans résidence charmante sécu,Ennakhil (Palmeraie) à Marrakech,3 chambres 225 m²,2200000 DH
66,Appartement de 65m² en vente Résidence Dy,Massira 2 à Temara,a 5min de rabat au cœur de la ville de temara se dresse la nouvelle résidence dyar al bahia dans un style architectural simple et moderne aux lignes épurées ; conçue en immeubles r4 chaque immeuble deEn savoir plus,505725 DH
67,Appartement de 59m² en vente Résidence Dy,Massira 2 à Temara,a 5min de rabat au cœur de la ville de temara se dresse la nouvelle résidence dyar al bahia dans un style architectural simple et moderne aux lignes épurées ; conçue en immeubles r4 chaque immeuble deEn savoir plus,475178 DH
68,Appartement de 52m² en vente Résidence Dy,Massira 2 à Temara,a 5min de rabat au cœur de la ville de temara se dresse la nouvelle résidence dyar al bahia dans un style architectural simple et moderne aux lignes épurées ; conçue en immeubles r4 chaque immeuble deEn savoir plus,411821 DH
69,Bel appartement à vendre à Tenoukchet. 2,Tenoukchet à Mohammedia,agréable appartement à vendre. prix 1 030 000 dh. 2 chambres 1 salle de bains surface 103 m². piscine.venez découvrir cet appartement à vendre à tenoukchet mohammedia. ascenseur. cuisine équipée.,1030000 DH
70,Vend appartement à Tenoukchet. Superficie,Tenoukchet à Mohammedia,appartement idéal à la vente. prix 720 000 dh. 2 chambres à coucher 1 salle de bains 72 m². cuisine bien équipée.cet appartement est proposé à la vente à tenoukchet mohammedia. grande piscine. avecEn savoir plus,720000 DH
71,Appartement de 72m² en vente Résidence Bo,Tenoukchet à Mohammedia,la résidence bougainvillier se situe à l’entrée sud de la ville de mohammedia vers le grand parc à quelques minutes des plages de l’autoroute et de la gare ferroviaire et à 15min seulement de laEn savoir plus,720000 DH
72,Appartement de 63m² en vente Résidence Bo,Tenoukchet à Mohammedia,la résidence bougainvillier se situe à l’entrée sud de la ville de mohammedia vers le grand parc à quelques minutes des plages de l’autoroute et de la gare ferroviaire et à 15min seulement de laEn savoir plus,630000 DH
73,Appartement de 56m² en vente Résidence Bo,Tenoukchet à Mohammedia,la résidence bougainvillier se situe à l’entrée sud de la ville de mohammedia vers le grand parc à quelques minutes des plages de l’autoroute et de la gare ferroviaire et à 15min seulement de laEn savoir plus,560000 DH
74,Bel appartement 46 m² place du Lycée Lyau,Bourgogne Est à Casablanca,nichée au cœur de la place du célèbre lycée lyautey lyautey residence vous propose des appartements de maître avec pour la plupart des terrasses à vivre surplombant la ville de casablanca.avec une offreEn savoir plus,1644470 DH
75,Bel appartement 38 m² place du Lycée Lyau,Bourgogne Est à Casablanca,nichée au cœur de la place du célèbre lycée lyautey lyautey residence vous propose des appartements de maître avec pour la plupart des terrasses à vivre surplombant la ville de casablanca.avec une offreEn savoir plus,1341160 DH
76,Appartement F4 de 96m² avec 3m² de terras,Zenata,gardenia parc zenata est un projet développé par realites afrique filiale du groupe français de développement territorial realites.à 3 minutes de la mer et en face du parc central de l’éco-cité zenataEn savoir plus,1176980 DH
77,Bel appartement à vendre à Martil. 2 bell,Martil,la résidence al karama  projet signature du groupe al aoudati immobilier vous propose 9 appartementsensoleilléshaut standing en plein cœur de la ville de martil.les superficies varient de 64m² à 100m².En savoir plus,Prix à consulter
78,Appartement en vente à Boukhalef. Superfi,Boukhalef à Tanger,vous êtes à la recherche d'un appartement de qualité dans un emplacement stratégique de la ville de tanger ? vous êtes à la bonne place .idéalement situé sur la route de rabat à l'embouchure des deux entréesEn savoir plus,250000 DH
79,Appartement de 63m² en vente Résidence Ai,Mhamid à Marrakech,le projet aïn raha se situe au quartier m'hamid sud sur avenue guemassa à 5 minutes de l’avenue mohammed vi ; il se distingue par son emplacement stratégique à proximité des transports équipements et lieux deEn savoir plus,250000 DH
80,Appartement Haut Standing de 206 m² en ve,Dar Bouazza,la résidence atlantic eden propose 48 appartements de haut standing répartis sur 8 immeubles en r2 érigés en u permettant à ses résidents de profiter d’un climat de quiétude avec une sécurité optimale. deEn savoir plus,3240000 DH
81,Appartement de 110m² en vente Résidence,Sania à Tanger,idéalement niché au cœur du quartier balnéaire de “malabata hills” la résidence garden hills vous propose une offre exceptionnelle d’appartements en front de mer à la pointe de la technologie.une résidenceEn savoir plus,Prix à consulter
82,Appartement 79m² en vente Résidence Al B,Al Azhar à Casablanca,le complexe résidentiel al-badr propose des appartements de haute qualité. ses superficies vont de 48 à 100 mètres carrés. ils disposent également d'ascenseurs d'un parking d'espaces verts et de cuisinesEn savoir plus,720000 DH
83,Vend appartement à Boukhalef. 2 belles ch,Boukhalef à Tanger,vous êtes à la recherche d'un appartement de qualité dans un emplacement stratégique de la ville de tanger ? vous êtes à la bonne place .idéalement situé sur la route de rabat à l'embouchure des deux entréesEn savoir plus,250000 DH
84,Appartement Haut Standing de 245 m² en ve,Dar Bouazza,la résidence atlantic eden propose 48 appartements de haut standing répartis sur 8 immeubles en r2 érigés en u permettant à ses résidents de profiter d’un climat de quiétude avec une sécurité optimale. deEn savoir plus,3380000 DH
85,Appartement 55m² en vente Résidences Ass,Al Aalia à Mohammedia,résidence assafae est située dans le meilleur emplacement de mohammedia-beni ykhlef à proximité de la route nationale n1les appartements se composent de 3 chambres et d'ascenseurs électriques. le projetEn savoir plus,250000 DH
86,Bel appartement à vendre à Saïdia. Superf,Saïdia,faites une belle affaire en achetant cet appartement. prix 700 000 dh. 2 chambres 1 salle de bains 69 m². résidence avec piscine.cet appartement est en vente à saïdia.proche de toutes commodités: écoles àEn savoir plus,700000 DH
87,Appartement à vendre à Martil. 2 belles c,Martil,la résidence al karama  projet signature du groupe al aoudati immobilier vous propose 9 appartementsensoleilléshaut standing en plein cœur de la ville de martil.les superficies varient de 64m² à 100m².En savoir plus,Prix à consulter
88,Appartement en vente à Aïn Sebaâ. 2 chamb,Aïn Sebaâ à Casablanca,agréable appartement à vendre. prix 855 000 dh. 3 pièces 2 salles de bains 76 m². 2 chambres à coucher. 2ème étage. nouveau. sécurité.idéal si vous souhaitez acheter un appartement à aïn sebaâ casablanca.,855000 DH
89,Appartement 97m deux facades,Hay Nahda à Rabat,3 chambres 97 m²,650000 DH
90,Appartement au milieu de centre ville,Mers Sultan à Casablanca,2 chambres 124 m²,120000 DH
91,Appart à vendre 90 m2 à Temara centre,Centre Ville à Temara,2 chambres 90 m²,765000 DH
92,Un apparteement en bon état à vendre,Ain Diab à Casablanca,2 chambres 94 m²,2000000 DH
93,Appartement de luxe au dessus du café HAR,Hamria à Meknes,3 chambres 167 m²,1580000 DH
94,Appartement de 66 m² en vente rés. Jet S,Sidi Maarouf à Casablanca,2 chambres 66 m²,605000 DH
95,Joli appartement à vendre plein centre vi,Centre Ville à Casablanca,3 chambres 116 m²,1750000 DH
96,Joli appartement,Roches Noires à Casablanca,3 chambres 131 m²,880000 DH
97,Appartement rénové en rez de chaussée de,Riad Al Atlas à Marrakech,2 chambres 136 m²,2500000 DH
98,À vendre Bel appartement Résidence SEMIRA,Sidi Hajji à Salé,2 chambres 84 m²,720000 DH
99,Appartement de 52m² en vente Résidence Bo,Tenoukchet à Mohammedia,la résidence bougainvillier se situe à l’entrée sud de la ville de mohammedia vers le grand parc à quelques minutes des plages de l’autoroute et de la gare ferroviaire et à 15min seulement de laEn savoir plus,520000 DH
100,Appartement de 73m² en vente Heaven Beach,Sidi Rahal,profitant d’un emplacement inspirant quiétude et sérénité sur un front de mer dégagé heaven beach est votre adresse pour savourer les moments de détente et de calme tout au long de l’année.un projetEn savoir plus,766000 DH
101,Appartement de 61m² en vente Heaven Beach,Sidi Rahal,profitant d’un emplacement inspirant quiétude et sérénité sur un front de mer dégagé heaven beach est votre adresse pour savourer les moments de détente et de calme tout au long de l’année.un projetEn savoir plus,640000 DH
102,Appartement 107m² en vente Rio beach,Sidi Rahal,agréable appartement à vendre. prix 9900 dh. 2 chambres 2 salles de bains2 salons  séjour  cuisine103 m². grandes piscines.cet appartement est en vente à sidi rahal.,9900 DH
103,Appartement 103m² en vente Rio beach,Sidi Rahal,affaire à saisir pour cet appartement à vendre. 2 chambres à coucher 2 salles de bains2 salon  séjour  cuisine103 m².venez découvrir cet appartement à vendre à sidi rahal. grandes piscines.En savoir plus,9900 DH
104,Appartement 87m² en vente Rio beach,Sidi Rahal,agréable appartement à vendre haut standing . prix 11 000dh 2 chambres 2 salles de bains grand salon cuisine terrasse surface 87 m² . idéal si vous souhaitez acheter un appartement à sidi rahal.,11000 DH
105,Appartement 78m² en vente Rio beach,Sidi Rahal,découvrez cet appartement à vendre. prix 850 000 dh. 2 chambres 2 salles de bains salon  cuisine avec des terrasses double façade 78 m².résidence fermer et sécuriser pied dans l'eaules piscines En savoir plus,850000 DH
106,Appartement 103m² en vente Rio beach,Sidi Rahal,ne laissez pas passer cet appartement à vendre. 2 chambres à coucher 2 salles de bains 103 m².venez découvrir cet appartement à vendre à sidi rahal. grandes piscines. résidence fermer et sécuriser piedEn savoir plus,9900 DH
107,Bel appartement à vendre à Majorelle. Sup,Majorelle à Marrakech,opportunité unique pour cet appartement à vendre. prix 1 339 000 dh. 3 chambres 2 salles de bains 103 m². avec ascenseur.cet appartement est en vente à majorelle marrakech. cuisine équipée. système deEn savoir plus,1339000 DH
108,Appartement de 55m² en vente Projet Diya,Boukhalef à Tanger,vous êtes à la recherche d’un appartement de qualité dans un emplacement stratégique de la ville de tanger ? vous êtes à la bonne place !idéalement situé sur la route de rabat à l’embouchure des deux entréesEn savoir plus,250000 DH
109,Vente d'un bel appartement à Tanger City,Tanger City Center à Tanger,appartement idéal à la vente. prix 1 950 000 dh. 2 pièces 1 salle de bains superficie 77 m². 1 chambre. nouveau.cet appartement est en vente à tanger city center tanger.à proximité: magasins etEn savoir plus,1950000 DH
110,Vente d'un bel appartement à Martil. 2 ch,Martil,la résidence al karama  projet signature du groupe al aoudati immobilier vous propose 9 appartementsensoleilléshaut standing en plein cœur de la ville de martil.les superficies varient de 64m² à 100m².En savoir plus,Prix à consulter
111,Appartement à vendre à Ennakhil Palmeraie,Ennakhil (Palmeraie) à Marrakech,cet appartement haut standing de 107 m² vue sur jardin comprend troischambres à coucher et deux salles de bains un séjour un vaste salon ainsi qu'une cuisine spacieuse équipée. palmeraie gatesest uneEn savoir plus,1200000 DH
112,Appartement de 82m² en vente Résidence Al,Tanja Balia à Tanger,à quelques minutes de la première tranche qui a eu un grand succès et qui a été entièrement commercialisée cette deuxième tranche n’attend plus que vous !idéalement situé au quartier tanja balia le projetEn savoir plus,590000 DH
113,Appartement en vente à Abattoirs. 2 belle,Abattoirs à Agadir,découvrez cet appartement à vendre. prix 680 000 dh. 3 pièces 1 salle de bains surface 58 m². 2 chambres à coucher. nouveau.idéal si vous souhaitez acheter un appartement à abattoirs agadir.,1029960 DH
114,Appartement de 68m² en vente Résidence BI,Al fath à Skhirat,le projet bidaya de challenge littaamir vous offre une opportunité immobilière exceptionnelle dans la ville de skhirat à 10 minutes de la plage. un projet économique de logements sociaux dotés d'uneEn savoir plus,250000 DH
115,Appartement 123m2 à Californie Royal Park,Californie à Casablanca,enveloppé dans un écrin verdoyant royal park vous offre la quintessence du luxe et un service raffiné dans une atmosphère zen. cet appartement de 123 m2 situé en rdc comprend 2 chambres spacieuses des sallesEn savoir plus,2151000 DH
116,Superbe appartement à vendre à Sania. Sur,Sania à Tanger,idéalement niché au cœur du quartier balnéaire de “malabata hills” la résidence garden hills vous propose une offre exceptionnelle d’appartements en front de mer à la pointe de la technologie.une résidenceEn savoir plus,Prix à consulter
117,Magasin de 141 m² en vente Résidence Les,Maârif à Casablanca,développée par foncia résidences & resorts résidence les érables est conçue comme un grand hôtel avec réception conciergerie de luxe une piscine et une salle de fitness. elle présente un caractèreEn savoir plus,1565000 DH
118,Vend appartement à Sania. 3 chambres agré,Sania à Tanger,idéalement niché au cœur du quartier balnéaire de “malabata hills” la résidence garden hills vous propose une offre exceptionnelle d’appartements en front de mer à la pointe de la technologie.une résidenceEn savoir plus,Prix à consulter
119,Appartement de 99m² et 11m² de terrasse,Maârif Extension à Casablanca,idéal pour les jeunes actifs et pour les familles à la recherche d’une acquisition alliantcalme et sécurité la résidence liv’in garden est plus qu’un simple projet résidentielc’est la parfaite harmonieEn savoir plus,1935000 DH
120,Appartement F4 de 139m² dont 28m² de balc,Dar Bouazza,à seulement 20 min de casablanca sea view est une résidence front mer érigée tel un phare sur l'océan atlantique.sea view est une résidence sécurisée à taille humaine privilégiant l’intimité de sesEn savoir plus,2350000 DH
121,Appartement 55m² en vente Riad Assalam,Al Aalia à Mohammedia,achetez l'appartement de vos rêves au milieu du complexe résidentiel riad assalam situé à ben yakhlef - mohammediariad assalam est un projet économique qui contient des appartements avec finitions de hauteEn savoir plus,250000 DH
122,Bel appartement à vendre à Dar Bouazza, à Dar Bouazza,2 chambres 86 m²,950000 DH
123,Vend appartement à Hay Toummert. 2 grande,Hay Toummert à Bouznika,3 chambres 63 m²,470000 DH
124,Appartement 3 chambres,Route de Meknes à Fès,3 chambres 98 m²,550000 DH
125,Appartement Racine entièrement refait à n,Racine à Casablanca,3 chambres 183 m²,3400000 DH
126,Appartement haut standing,Ferme Bretonne (Hay Arraha) à Casablanca,3 chambres 114 m²,2240000 DH
127,Un Trésor Caché Devant Rond Point Venezia,Ain Diab Extension à Casablanca,3 chambres 148 m²,2450000 DH
128,Appartement haut standing,Ferme Bretonne (Hay Arraha) à Casablanca,2 chambres 86 m²,1548000 DH
129,Appartement haut standing,Ferme Bretonne (Hay Arraha) à Casablanca,4 chambres 119 m²,2340000 DH
130,Appartement à l'achat à Errahma. Surface, à Errahma,2 chambres 52 m²,380000 DH
131,Bel appartement ensoleillé calme bien a, à Tamesna,2 chambres 71 m²,715000 DH
